#featureID,isolation_center_m/z,rt,compound_m/z,compound_rt,compound_formula,DB_Compound_ID,Compound_Name,DB_Spectrum_ID,dot_product,ppm_Error,Abundance,ComponentID,redundant
0,133.014373779297,0.45985111999999995,133.01422329123,-1,C4H6O5,r1796,DL Malic acid,419137,99.97882339772475,-1.1313669546900957,0.31185156861576085,r1796,True
0,133.014373779297,0.45985111999999995,133.01422329123,-1,C4H6O5,r1781,D   Malic acid,289933,99.95502728637331,-1.1313669546900957,0.1721830055002546,r1796,True
0,133.014373779297,0.45985111999999995,133.01422329123,-1,C4H6O5,r1311,L   Malic acid,243351,99.98703093270927,-1.1313669546900957,0.3815381134109196,r1311,True
